{"cameraMode":{"drawMode":0,"name":"Shaded","section":"Shading Mode"},"sceneLighting":true,"audioPlay":false,"sceneViewState":{"m_AlwaysRefresh":false,"showFog":true,"showSkybox":true,"showFlares":true,"showImageEffects":true,"showParticleSystems":true,"showVisualEffectGraphs":true,"m_FxEnabled":true},"in2DMode":false,"pivot":{"x":2.339055299758911,"y":1.5122336149215699,"z":-0.6714812517166138},"rotation":{"x":0.00474567199125886,"y":0.9944763779640198,"z":-0.08255338668823242,"w":0.0600622221827507},"size":1.0278205871582032,"orthographic":false}