{"cameraMode":{"drawMode":0,"name":"Shaded","section":"Shading Mode"},"sceneLighting":true,"audioPlay":false,"sceneViewState":{"m_AlwaysRefresh":false,"showFog":true,"showSkybox":true,"showFlares":true,"showImageEffects":true,"showParticleSystems":true,"showVisualEffectGraphs":true,"m_FxEnabled":true},"in2DMode":false,"pivot":{"x":2.5037474632263185,"y":0.8852457404136658,"z":-2.029489755630493},"rotation":{"x":0.014815118163824082,"y":0.9849272966384888,"z":-0.12208501249551773,"w":0.12057861685752869},"size":0.5308873057365418,"orthographic":false}