{"cameraMode":{"drawMode":0,"name":"Shaded","section":"Shading Mode"},"sceneLighting":true,"audioPlay":false,"sceneViewState":{"m_AlwaysRefresh":false,"showFog":false,"showSkybox":true,"showFlares":true,"showImageEffects":true,"showParticleSystems":true,"showVisualEffectGraphs":true,"m_FxEnabled":true},"in2DMode":false,"pivot":{"x":2.6448185443878176,"y":2.2338061332702638,"z":0.3468136489391327},"rotation":{"x":0.006860895548015833,"y":0.987605094909668,"z":-0.049297645688056949,"w":0.14656804502010346},"size":1.1868658065795899,"orthographic":false}